event_fraction,classifier,none,rus,ros,smote,adasyn,weighted
0.005,cart,0.5 ± 0.03,0.53 ± 0.04,0.53 ± 0.05,0.54 ± 0.05,0.54 ± 0.05,0.54 ± 0.04
0.005,knn,0.53 ± 0.02,0.58 ± 0.01,0.53 ± 0.02,0.56 ± 0.01,0.56 ± 0.01,
0.005,lr,0.6 ± 0.03,0.57 ± 0.02,0.57 ± 0.02,0.57 ± 0.02,0.57 ± 0.01,0.58 ± 0.02
0.005,mlp,0.52 ± 0.06,0.53 ± 0.04,0.52 ± 0.02,0.52 ± 0.02,0.51 ± 0.02,
0.005,nb,0.59 ± 0.03,0.57 ± 0.03,0.58 ± 0.03,0.57 ± 0.03,0.57 ± 0.03,
0.005,rf,0.58 ± 0.02,0.58 ± 0.02,0.59 ± 0.01,0.59 ± 0.02,0.59 ± 0.03,0.59 ± 0.02
0.005,svm,0.51 ± 0.05,0.51 ± 0.04,0.52 ± 0.03,0.52 ± 0.03,0.52 ± 0.03,0.49 ± 0.05
0.005,xgb,0.59 ± 0.02,0.57 ± 0.02,0.54 ± 0.02,0.57 ± 0.03,0.57 ± 0.03,0.57 ± 0.03
0.01,cart,0.54 ± 0.01,0.55 ± 0.02,0.53 ± 0.01,0.53 ± 0.04,0.52 ± 0.04,0.53 ± 0.01
0.01,knn,0.54 ± 0.01,0.57 ± 0.02,0.54 ± 0.01,0.56 ± 0.0,0.56 ± 0.0,
0.01,lr,0.6 ± 0.01,0.58 ± 0.02,0.58 ± 0.01,0.58 ± 0.01,0.58 ± 0.01,0.59 ± 0.01
0.01,mlp,0.58 ± 0.03,0.57 ± 0.03,0.52 ± 0.01,0.52 ± 0.01,0.53 ± 0.02,
0.01,nb,0.61 ± 0.02,0.59 ± 0.02,0.6 ± 0.01,0.57 ± 0.01,0.57 ± 0.01,
0.01,rf,0.6 ± 0.02,0.6 ± 0.02,0.59 ± 0.01,0.58 ± 0.02,0.58 ± 0.01,0.59 ± 0.01
0.01,svm,0.49 ± 0.03,0.46 ± 0.04,0.52 ± 0.03,0.51 ± 0.03,0.51 ± 0.03,0.49 ± 0.04
0.01,xgb,0.59 ± 0.01,0.57 ± 0.02,0.55 ± 0.01,0.57 ± 0.02,0.57 ± 0.02,0.57 ± 0.01
0.02,cart,0.54 ± 0.02,0.56 ± 0.02,0.53 ± 0.01,0.54 ± 0.02,0.54 ± 0.02,0.55 ± 0.02
0.02,knn,0.54 ± 0.02,0.59 ± 0.01,0.54 ± 0.02,0.56 ± 0.02,0.56 ± 0.02,
0.02,lr,0.62 ± 0.01,0.6 ± 0.01,0.62 ± 0.01,0.6 ± 0.01,0.6 ± 0.01,0.62 ± 0.01
0.02,mlp,0.58 ± 0.02,0.61 ± 0.01,0.52 ± 0.01,0.52 ± 0.01,0.52 ± 0.01,
0.02,nb,0.62 ± 0.02,0.61 ± 0.02,0.62 ± 0.02,0.58 ± 0.01,0.58 ± 0.01,
0.02,rf,0.61 ± 0.01,0.62 ± 0.01,0.6 ± 0.02,0.6 ± 0.01,0.6 ± 0.01,0.61 ± 0.01
0.02,svm,0.53 ± 0.04,0.54 ± 0.07,0.52 ± 0.01,0.52 ± 0.01,0.52 ± 0.01,0.53 ± 0.03
0.02,xgb,0.6 ± 0.01,0.59 ± 0.01,0.57 ± 0.01,0.58 ± 0.01,0.58 ± 0.01,0.58 ± 0.02
0.05,cart,0.59 ± 0.02,0.59 ± 0.01,0.57 ± 0.01,0.57 ± 0.01,0.56 ± 0.02,0.58 ± 0.02
0.05,knn,0.58 ± 0.01,0.6 ± 0.01,0.56 ± 0.01,0.57 ± 0.01,0.57 ± 0.01,
0.05,lr,0.63 ± 0.01,0.62 ± 0.01,0.63 ± 0.01,0.61 ± 0.01,0.61 ± 0.01,0.63 ± 0.01
0.05,mlp,0.6 ± 0.01,0.6 ± 0.02,0.55 ± 0.0,0.55 ± 0.01,0.54 ± 0.0,
0.05,nb,0.63 ± 0.01,0.62 ± 0.01,0.62 ± 0.01,0.61 ± 0.01,0.6 ± 0.01,
0.05,rf,0.63 ± 0.01,0.63 ± 0.01,0.63 ± 0.01,0.62 ± 0.01,0.62 ± 0.01,0.63 ± 0.01
0.05,svm,0.56 ± 0.01,0.57 ± 0.08,0.57 ± 0.01,0.55 ± 0.01,0.55 ± 0.01,0.55 ± 0.06
0.05,xgb,0.63 ± 0.01,0.62 ± 0.01,0.62 ± 0.01,0.61 ± 0.01,0.61 ± 0.0,0.62 ± 0.01
0.0898,cart,0.61 ± 0.01,0.6 ± 0.01,0.6 ± 0.01,0.58 ± 0.01,0.58 ± 0.01,0.6 ± 0.0
0.0898,knn,0.59 ± 0.0,0.6 ± 0.0,0.58 ± 0.0,0.58 ± 0.0,0.58 ± 0.0,
0.0898,lr,0.64 ± 0.01,0.63 ± 0.0,0.64 ± 0.01,0.62 ± 0.01,0.62 ± 0.01,0.64 ± 0.01
0.0898,mlp,0.62 ± 0.01,0.62 ± 0.01,0.56 ± 0.0,0.55 ± 0.01,0.55 ± 0.0,
0.0898,nb,0.63 ± 0.0,0.63 ± 0.01,0.63 ± 0.0,0.61 ± 0.01,0.61 ± 0.01,
0.0898,rf,0.64 ± 0.0,0.64 ± 0.0,0.64 ± 0.01,0.63 ± 0.0,0.63 ± 0.0,0.64 ± 0.0
0.0898,svm,0.57 ± 0.01,0.6 ± 0.01,0.58 ± 0.01,0.56 ± 0.01,0.56 ± 0.01,0.59 ± 0.01
0.0898,xgb,0.65 ± 0.01,0.64 ± 0.0,0.64 ± 0.01,0.63 ± 0.01,0.63 ± 0.01,0.64 ± 0.01
